net,length_um
net90,391.82µm
net143,350.53µm
net96,336.83µm
clknet_2_1__leaf_clk,312.98µm
clknet_2_2__leaf_clk,285.2µm
net127,268.29µm
net253,267.19µm
systolic_unit_0.drain_valid,265.85µm
clknet_0_clk,263.94µm
net242,247.96µm
_1356_,239.15µm
net236,236.72µm
clknet_2_0__leaf_clk,236.48µm
clknet_2_3__leaf_clk,235.51µm
net76,235.21µm
net269,233.91µm
net83,228.58µm
net136,221.68µm
net82,219.66µm
net74,216.81µm
net141,211.64µm
net84,210.54µm
net81,208.18µm
systolic_unit_0.U_01.out_b\[4\],207.57µm
net129,202.8µm
net75,197.235µm
net125,195.8µm
net267,193.6µm
net79,192.3µm
net231,191.64µm
net151,191.26µm
net241,190.54µm
net247,188.87µm
net93,185.515µm
net77,184.4µm
net99,180.06µm
net206,177.42µm
net259,177.1µm
systolic_unit_0.U_01.out_b\[6\],170.9µm
net182,170.82µm
_1847_,170.24µm
net104,168.88µm
net213,168.17µm
net92,167.78µm
net233,167.25µm
net88,165.32µm
net122,165.235µm
net108,163.86µm
net268,159.9µm
net171,158.98µm
net272,158.32µm
systolic_unit_0.U_00.out_a\[6\],157.995µm
net275,157.855µm
systolic_unit_0.U_01.out_b\[7\],157.53µm
net155,154.685µm
net177,153.78µm
clk,153.43µm
net240,152.76µm
net114,152.2µm
net252,151.92µm
_1830_,151.07µm
net207,151.005µm
net133,150.7µm
_0000_,149.1µm
systolic_unit_0.U_01.out_b\[5\],147.825µm
net195,146.16µm
net95,145.93µm
net277,145.68µm
net94,145.42µm
net273,145.38µm
net181,143.81µm
net220,143.34µm
net186,141.26µm
net97,140.005µm
net271,139.7µm
net160,138.94µm
net189,137.62µm
net279,137.41µm
systolic_unit_0.U_01.drain_1,135.76µm
systolic_unit_0.U_00.out_b\[4\],135.4µm
net169,135.115µm
net18,134.76µm
net152,133.3µm
net168,132.81µm
net185,132.2µm
net254,132.06µm
_1784_,131.54µm
net258,131.12µm
net154,131.08µm
net193,130.12µm
net214,129.39µm
net164,129.34µm
net260,128.545µm
_1405_,128.32µm
net175,127.78µm
net128,126.98µm
net264,126.155µm
net262,125.89µm
net162,125.435µm
_1403_,125.185µm
net278,124.36µm
net256,124.14µm
net163,123.96µm
net274,123.4µm
_1868_,122.38µm
net119,121.86µm
net230,121.44µm
net180,120.49µm
net196,120.245µm
net235,120.2µm
net102,119.34µm
net135,119µm
net248,118.54µm
net98,118.25µm
net211,117.78µm
net159,117.17µm
net216,115.925µm
systolic_unit_0.U_00.out_b\[2\],115.67µm
clknet_leaf_16_clk,115.115µm
systolic_unit_0.U_10.in_a\[5\],114.86µm
net218,114.26µm
net224,113.56µm
net205,112.82µm
net198,112.6µm
_1827_,112.24µm
net120,111.66µm
net115,111.59µm
net202,111.54µm
net200,111.31µm
_1896_,111.06µm
net263,111.02µm
net178,110.74µm
net109,110.53µm
net138,110.45µm
_1897_,109.74µm
clknet_leaf_3_clk,109.64µm
net246,109.46µm
net239,108.56µm
clknet_leaf_1_clk,108.24µm
net45,107.82µm
clknet_leaf_32_clk,107.78µm
net146,106.95µm
net219,106.745µm
net199,106.4µm
clknet_leaf_25_clk,106.18µm
net149,106.08µm
net147,105.98µm
systolic_unit_0.U_00.out_b\[6\],105.35µm
net251,105.14µm
net117,104.77µm
net101,104.56µm
net134,104.06µm
net52,102.8µm
systolic_unit_0.U_00.acc_1\[8\],102.725µm
systolic_unit_0.U_00.out_a\[3\],102.68µm
net100,102.44µm
systolic_unit_0.U_10.out_a\[6\],102.15µm
net48,102.04µm
net234,101.62µm
clknet_leaf_11_clk,101.48µm
net225,101.395µm
systolic_unit_0.U_00.acc_1\[2\],101.12µm
net232,100.74µm
net228,100.62µm
systolic_unit_0.U_10.out_a\[7\],100.3µm
systolic_unit_0.U_00.acc_1\[7\],99.74µm
_1380_,99.73µm
net221,99.685µm
net105,99.12µm
net89,98.8µm
systolic_unit_0.U_00.out_b\[7\],98.74µm
net191,98.72µm
net266,98.6µm
systolic_unit_0.U_00.out_b\[5\],98.595µm
clknet_leaf_24_clk,98.4µm
net226,98.18µm
net121,97.415µm
net103,97.38µm
net3,97.14µm
net270,97.1µm
systolic_unit_0.U_00.out_a\[0\],96.525µm
net276,96.32µm
net204,95.98µm
net78,95.95µm
net167,95.715µm
systolic_unit_0.U_00.acc_0\[7\],94.44µm
net137,94.05µm
net161,93.66µm
net166,93.61µm
net150,93.5µm
clknet_leaf_26_clk,93.2µm
net85,93µm
net124,92.98µm
_0564_,92.72µm
systolic_unit_0.U_00.out_a\[4\],92.64µm
net132,92.62µm
net148,92.22µm
_1179_,92.1µm
net227,91.86µm
clknet_leaf_5_clk,91.84µm
systolic_unit_0.U_01.out_b\[1\],91.5µm
net126,90.21µm
systolic_unit_0.U_00.out_a\[7\],89.92µm
net237,89.58µm
systolic_unit_0.U_10.out_a\[1\],89.08µm
systolic_unit_0.U_01.drain_0,88.59µm
net183,88.545µm
systolic_unit_0.U_00.out_a\[2\],88.54µm
net130,88.5µm
net243,88.02µm
net111,87.9µm
net173,87.38µm
systolic_unit_0.U_01.acc_0\[6\],86.76µm
net210,86.74µm
net116,86.3µm
systolic_unit_0.U_01.acc_0\[10\],86.02µm
systolic_unit_0.U_00.acc_1\[5\],85.92µm
net139,85.88µm
systolic_unit_0.U_01.acc_0\[4\],85.56µm
net261,85.26µm
clknet_leaf_17_clk,84.96µm
clknet_leaf_19_clk,84.82µm
net4,84.72µm
net158,84.68µm
clknet_leaf_12_clk,84.04µm
net208,84µm
_1539_,83.63µm
_1376_,83.48µm
net187,83.43µm
systolic_unit_0.U_01.out_b\[3\],83.36µm
net20,82.58µm
_1504_,82.41µm
drain_even,81.86µm
net212,81.86µm
systolic_unit_0.U_00.acc_0\[5\],81.02µm
net91,80.92µm
net140,80.8µm
systolic_unit_0.U_10.out_a\[2\],80.78µm
clknet_leaf_15_clk,80.46µm
net222,80.355µm
net176,80.34µm
net245,80.28µm
systolic_unit_0.U_11.switch,80.04µm
_1936_,79.72µm
_1870_,79.62µm
clknet_leaf_18_clk,79.6µm
_1803_,79.48µm
systolic_unit_0.U_00.out_b\[3\],79.4µm
systolic_unit_0.U_01.acc_1\[6\],79.22µm
net215,79.015µm
net217,78.8µm
net250,77.82µm
net190,77.74µm
_1391_,77.4µm
_1899_,77.24µm
net144,76.96µm
systolic_unit_0.U_01.in_b\[4\],76.79µm
net80,76.72µm
net6,76.34µm
_0563_,76.2µm
net223,75.92µm
_0781_,75.42µm
net244,75.2µm
systolic_unit_0.U_01.in_b\[6\],74.8µm
net194,74.295µm
net5,74.24µm
systolic_unit_0.U_01.acc_1\[10\],74.02µm
_1615_,73.72µm
systolic_unit_0.U_01.acc_1\[8\],73.18µm
_1798_,72.31µm
net414,72.28µm
_1955_,72.14µm
switch_r1,72.04µm
net118,72.02µm
_1884_,71.78µm
systolic_unit_0.U_01.acc_0\[13\],71.52µm
net145,70.325µm
clknet_leaf_28_clk,70.24µm
net165,70.12µm
_1883_,70.02µm
net107,69.92µm
net257,69.42µm
_1910_,68.88µm
net265,68.61µm
systolic_unit_0.U_00.acc_0\[4\],68.6µm
systolic_unit_0.U_10.out_a\[4\],68.4µm
net170,67.81µm
net131,67.38µm
systolic_unit_0.U_01.acc_0\[8\],67.32µm
net410,67.205µm
systolic_unit_0.U_01.acc_1\[4\],67.2µm
systolic_unit_0.U_01.in_b\[0\],66.44µm
net229,66.28µm
systolic_unit_0.U_00.acc_0\[1\],66.26µm
net238,65.94µm
_0560_,65.64µm
systolic_unit_0.U_10.acc_1\[4\],65.3µm
_0566_,65.275µm
clknet_leaf_27_clk,65.26µm
net106,64.92µm
net209,64.83µm
_1913_,64.8µm
net249,64.64µm
_1894_,63.44µm
_1893_,63.28µm
drain_odd,62.95µm
_1871_,62.84µm
net156,62.5µm
net203,62.215µm
_1379_,62.18µm
systolic_unit_0.U_10.in_a\[7\],61.86µm
net22,61.58µm
net255,61.385µm
systolic_unit_0.U_01.acc_1\[13\],61.3µm
_1808_,61.28µm
net7,61.18µm
_1950_,61µm
systolic_unit_0.U_10.in_a\[2\],60.94µm
_0913_,60.72µm
systolic_unit_0.U_00.acc_0\[2\],60.44µm
systolic_unit_0.U_00.acc_1\[1\],60.42µm
_0567_,60.16µm
_0846_,60.08µm
_0926_,60.04µm
_0961_,60.02µm
net110,59.66µm
clknet_leaf_31_clk,59.42µm
net123,59.26µm
_1040_,58.62µm
_1795_,58.36µm
systolic_unit_0.U_00.acc_1\[9\],58.16µm
clknet_leaf_6_clk,58.1µm
clknet_leaf_22_clk,57.94µm
systolic_unit_0.U_01.in_b\[7\],57.76µm
net188,57.56µm
_1079_,57.54µm
_1433_,57.52µm
_1879_,57.48µm
_0670_,57.36µm
_1787_,57.24µm
clknet_leaf_8_clk,56.86µm
_0960_,56.58µm
clknet_leaf_9_clk,56.52µm
systolic_unit_0.U_01.acc_1\[12\],56.42µm
_0573_,56.36µm
_0825_,56.14µm
systolic_unit_0.U_00.acc_0\[9\],55.98µm
_1578_,55.58µm
systolic_unit_0.U_10.in_a\[3\],55.28µm
net197,55.175µm
_1902_,54.78µm
net113,54.78µm
_1869_,54.48µm
net153,54.46µm
clknet_leaf_7_clk,54.42µm
_1096_,54.36µm
_1800_,54.02µm
_1867_,53.96µm
_0602_,53.7µm
_1900_,53.64µm
systolic_unit_0.U_01.acc_0\[12\],52.76µm
_0581_,52.6µm
net142,52.41µm
clknet_leaf_0_clk,52.14µm
systolic_unit_0.U_01.acc_1\[3\],52.02µm
net172,51.66µm
clknet_leaf_10_clk,51.62µm
_0477_,51.5µm
_1076_,51.44µm
_1448_,51.42µm
_0642_,51.08µm
net201,50.78µm
_0488_,50.58µm
systolic_unit_0.U_10.acc_0\[4\],50.55µm
_0963_,50.16µm
_0538_,50.1µm
_1813_,49.94µm
net321,49.44µm
_1872_,49.26µm
_1892_,49.2µm
_0614_,49.16µm
systolic_unit_0.U_10.acc_1\[7\],48.68µm
systolic_unit_0.U_10.in_a\[6\],48.66µm
clknet_leaf_29_clk,48.2µm
clknet_leaf_2_clk,48.16µm
_1212_,48.12µm
systolic_unit_0.U_01.acc_0\[15\],47.94µm
_0894_,47.43µm
_1204_,47.43µm
_1366_,47.3µm
clknet_leaf_4_clk,46.96µm
_2088_,46.84µm
_1891_,46.66µm
net320,46.56µm
_0519_,46.5µm
net24,46.38µm
net174,46.085µm
net390,46µm
_2111_,45.66µm
systolic_unit_0.U_01.acc_0\[3\],45.06µm
systolic_unit_0.U_10.acc_0\[7\],44.92µm
_1395_,44.34µm
systolic_unit_0.U_10.in_a\[0\],44µm
net112,43.96µm
systolic_unit_0.U_01.acc_0\[9\],43.84µm
_1121_,43.46µm
systolic_unit_0.U_01.acc_1\[5\],43.3µm
_1446_,43.2µm
systolic_unit_0.U_01.acc_0\[0\],43.16µm
_2021_,42.88µm
_1049_,42.74µm
systolic_unit_0.U_01.acc_1\[0\],42.68µm
_0874_,42.24µm
net179,42.24µm
net323,42.06µm
net157,42.015µm
_1850_,41.35µm
_1146_,41.24µm
systolic_unit_0.U_01.out_b\[0\],40.9µm
clknet_leaf_20_clk,40.78µm
systolic_unit_0.U_00.out_a\[1\],40.74µm
_2019_,40.35µm
_0684_,40.24µm
_1644_,40.06µm
_1874_,39.9µm
_1252_,39.7µm
clknet_leaf_14_clk,39.7µm
_1502_,39.46µm
net391,39.22µm
systolic_unit_0.U_00.acc_1\[13\],39.12µm
systolic_unit_0.U_10.in_a\[4\],38.86µm
_0974_,38.815µm
_1789_,38.7µm
_1885_,38.68µm
systolic_unit_0.U_00.out_a\[5\],38.46µm
_1373_,38.4µm
_1368_,38.34µm
_1101_,38.32µm
_1143_,37.98µm
_0780_,37.7µm
_1792_,37.66µm
_1474_,37.54µm
_0457_,37.32µm
clknet_leaf_30_clk,37.1µm
net392,37.085µm
_0575_,36.81µm
_0953_,36.76µm
systolic_unit_0.U_01.acc_0\[5\],36.6µm
_1785_,36.57µm
systolic_unit_0.U_10.in_a\[1\],36.52µm
net184,36.34µm
_0512_,36.155µm
_0716_,35.9µm
_1095_,35.86µm
_1533_,35.8µm
_1370_,35.72µm
_0955_,35.56µm
_0965_,35.42µm
systolic_unit_0.U_01.out_b\[2\],35.38µm
_1706_,35.355µm
_1360_,35.28µm
net416,35.18µm
_1535_,35.14µm
systolic_unit_0.U_10.acc_1\[2\],35.14µm
_1308_,35.04µm
_1788_,34.82µm
_0465_,34.66µm
_0808_,34.58µm
net313,34.56µm
_1658_,34.52µm
systolic_unit_0.U_00.out_b\[1\],34.34µm
_0663_,34.16µm
row_count\[0\],34.06µm
systolic_unit_0.U_01.acc_0\[1\],33.82µm
net61,33.6µm
_0577_,33.56µm
_0591_,33.32µm
_0774_,33.24µm
_1182_,33.2µm
_0733_,33.16µm
_1748_,33.04µm
_0942_,33.01µm
_0584_,32.96µm
systolic_unit_0.U_10.acc_1\[3\],32.86µm
_0668_,32.62µm
net318,32.56µm
_0964_,32.5µm
_0580_,32.28µm
_0976_,32µm
_1342_,31.96µm
_1805_,31.88µm
_2043_,31.82µm
net316,31.68µm
_1776_,31.58µm
_1176_,31.38µm
net326,31.32µm
net378,31.225µm
_1243_,31.07µm
_1321_,30.74µm
net43,30.66µm
systolic_unit_0.U_11.acc_0\[8\],30.58µm
systolic_unit_0.U_01.acc_1\[15\],30.46µm
_1609_,30.455µm
_1329_,30.39µm
_1438_,30.28µm
_2108_,30.1µm
_1750_,30.06µm
systolic_unit_0.U_01.acc_1\[1\],30.04µm
systolic_unit_0.U_01.acc_1\[9\],30.04µm
_1082_,29.8µm
_1159_,29.74µm
net26,29.58µm
_2027_,29.5µm
net192,29.5µm
clknet_leaf_21_clk,29.49µm
systolic_unit_0.U_00.acc_0\[0\],29.46µm
_1821_,29.34µm
_1552_,29.22µm
_0978_,28.98µm
_1673_,28.95µm
_0918_,28.92µm
_0956_,28.86µm
systolic_unit_0.U_01.acc_0\[7\],28.86µm
_1359_,28.82µm
_0928_,28.56µm
_1382_,28.48µm
_0761_,28.4µm
_0679_,28.36µm
_1190_,28.34µm
_1254_,28.34µm
_2093_,28.285µm
systolic_unit_0.U_10.acc_0\[2\],28.28µm
_1816_,28.2µm
row_count\[1\],28.19µm
_1753_,28.1µm
_2099_,28.08µm
_1866_,28.06µm
net409,27.94µm
_0731_,27.82µm
_1512_,27.82µm
systolic_unit_0.U_00.acc_0\[13\],27.78µm
_0772_,27.725µm
_0743_,27.7µm
_1274_,27.7µm
row_count\[2\],27.6µm
systolic_unit_0.U_01.acc_0\[2\],27.58µm
systolic_unit_0.U_11.acc_1\[8\],27.48µm
_0695_,27.46µm
_0534_,27.44µm
_0771_,27.34µm
_2013_,27.24µm
systolic_unit_0.U_10.out_a\[3\],27.18µm
_0607_,27.16µm
_0592_,27.13µm
_1290_,27.04µm
_2037_,27.02µm
_1634_,26.94µm
_0661_,26.915µm
_0624_,26.82µm
_1262_,26.76µm
_2101_,26.64µm
_1374_,26.6µm
_1532_,26.55µm
_1695_,26.54µm
_1268_,26.49µm
systolic_unit_0.U_11.acc_1\[4\],26.37µm
_0651_,26.335µm
net25,26.3µm
_0429_,26.22µm
_1112_,25.94µm
_1630_,25.92µm
_1386_,25.9µm
_1653_,25.68µm
_0637_,25.48µm
_0737_,25.48µm
_0432_,25.44µm
_1848_,25.44µm
systolic_unit_0.U_00.acc_0\[11\],25.44µm
net64,25.44µm
_0361_,25.425µm
clknet_leaf_13_clk,25.34µm
_1483_,25.3µm
systolic_unit_0.U_10.out_a\[0\],25.3µm
_0933_,25.26µm
net432,25.22µm
_0821_,25.1µm
systolic_unit_0.U_00.acc_1\[6\],24.88µm
_1774_,24.86µm
_0736_,24.8µm
_1194_,24.56µm
_1042_,24.54µm
_1828_,24.54µm
systolic_unit_0.U_11.acc_0\[6\],24.48µm
_2071_,24.44µm
_0669_,24.42µm
_1140_,24.42µm
systolic_unit_0.U_11.acc_1\[6\],24.36µm
_1783_,24.34µm
_1473_,24.32µm
net38,24.3µm
_1612_,24.205µm
_1451_,24.06µm
systolic_unit_0.U_11.acc_1\[0\],24.02µm
net317,23.94µm
net374,23.94µm
_1811_,23.92µm
_1472_,23.91µm
net308,23.88µm
systolic_unit_0.U_00.acc_0\[15\],23.84µm
net39,23.64µm
_1115_,23.5µm
_0554_,23.42µm
_1470_,23.42µm
_0493_,23.34µm
_1383_,23.26µm
systolic_unit_0.U_11.acc_1\[10\],23.18µm
_0844_,23.12µm
_0693_,23µm
_1139_,22.98µm
net395,22.86µm
net359,22.84µm
_1831_,22.82µm
_1206_,22.76µm
_1628_,22.74µm
systolic_unit_0.U_00.acc_0\[14\],22.66µm
_1876_,22.5µm
systolic_unit_0.U_01.in_b\[5\],22.46µm
_0616_,22.42µm
_1591_,22.32µm
systolic_unit_0.U_11.acc_0\[5\],22.15µm
_1688_,22.14µm
net304,22.06µm
_1217_,21.94µm
_1292_,21.9µm
_1940_,21.84µm
_1110_,21.82µm
_1632_,21.82µm
systolic_unit_0.out_acc_1_r1\[6\],21.76µm
_2057_,21.74µm
_1598_,21.72µm
_0686_,21.715µm
_1819_,21.64µm
_2006_,21.64µm
_1337_,21.62µm
_1267_,21.58µm
_1889_,21.5µm
_2038_,21.5µm
_1346_,21.44µm
_2110_,21.42µm
_1759_,21.38µm
systolic_unit_0.U_00.acc_1\[11\],21.38µm
systolic_unit_0.U_11.acc_0\[10\],21.36µm
systolic_unit_0.U_00.acc_1\[15\],21.26µm
net328,21.2µm
_1572_,21.14µm
_1355_,21.12µm
_1570_,21.12µm
systolic_unit_0.U_11.acc_0\[3\],21.12µm
systolic_unit_0.U_11.acc_1\[5\],21.12µm
_1877_,21.1µm
_2053_,21.1µm
_1901_,21.02µm
systolic_unit_0.U_11.acc_0\[2\],21µm
_0499_,20.92µm
_1697_,20.92µm
_0704_,20.82µm
_1453_,20.82µm
systolic_unit_0.U_00.acc_1\[10\],20.78µm
_1362_,20.74µm
systolic_unit_0.U_11.acc_1\[15\],20.74µm
_1263_,20.7µm
_1070_,20.58µm
_1878_,20.56µm
_1714_,20.54µm
_0503_,20.5µm
_1560_,20.46µm
_2070_,20.42µm
_1221_,20.4µm
_2065_,20.32µm
systolic_unit_0.U_11.acc_0\[7\],20.26µm
_0436_,20.2µm
_1004_,20.2µm
_1261_,20.2µm
_0452_,20.18µm
_1277_,20.12µm
_1732_,20.08µm
net309,20.02µm
_0531_,20.015µm
_1174_,19.9µm
_1911_,19.88µm
_1173_,19.86µm
_0710_,19.78µm
systolic_unit_0.U_01.acc_1\[14\],19.78µm
_0440_,19.72µm
_0792_,19.66µm
_1196_,19.62µm
_1404_,19.62µm
systolic_unit_0.U_01.in_b\[3\],19.62µm
_1322_,19.56µm
_0882_,19.52µm
systolic_unit_0.U_10.acc_1\[1\],19.5µm
_1118_,19.44µm
_0437_,19.425µm
_0728_,19.4µm
_0972_,19.4µm
net21,19.4µm
_0578_,19.38µm
systolic_unit_0.U_11.acc_0\[1\],19.365µm
_0640_,19.36µm
_0967_,19.36µm
_2095_,19.36µm
_0794_,19.28µm
_2036_,19.28µm
_1047_,19.26µm
_2059_,19.24µm
_1970_,19.2µm
_2058_,19.16µm
_0715_,19.14µm
_2064_,19.12µm
systolic_unit_0.U_10.acc_0\[10\],19.1µm
net367,19.085µm
_2129_,19.08µm
_0475_,19.04µm
_0552_,19µm
_1439_,19µm
_1235_,18.9µm
_1468_,18.9µm
_2091_,18.8µm
_0775_,18.565µm
_0438_,18.5µm
_1938_,18.48µm
_1156_,18.46µm
_0966_,18.44µm
_2069_,18.39µm
_0721_,18.38µm
_0516_,18.36µm
_1398_,18.36µm
_0656_,18.34µm
_1530_,18.34µm
_1352_,18.32µm
_1770_,18.32µm
systolic_unit_0.U_11.acc_0\[13\],18.28µm
_0658_,18.26µm
_1516_,18.24µm
_2015_,18.24µm
_1017_,18.22µm
systolic_unit_0.U_10.acc_0\[3\],18.22µm
systolic_unit_0.U_10.acc_0\[9\],18.2µm
_0473_,18.19µm
_1001_,18.18µm
_2102_,18.18µm
systolic_unit_0.U_01.acc_1\[7\],18.16µm
_0590_,18.14µm
_1081_,18.14µm
_0951_,18.11µm
_1312_,18.1µm
_1264_,18.075µm
_1611_,18.02µm
_1406_,18µm
_1339_,17.98µm
_0912_,17.94µm
systolic_unit_0.U_10.acc_0\[13\],17.9µm
_1158_,17.88µm
systolic_unit_0.U_00.acc_0\[3\],17.78µm
_1089_,17.76µm
_0754_,17.74µm
_0720_,17.7µm
_1051_,17.7µm
_1582_,17.7µm
systolic_unit_0.U_01.acc_1\[2\],17.64µm
D_c_flat[26],17.55µm
_0696_,17.54µm
_1090_,17.5µm
_1177_,17.48µm
_0287_,17.42µm
_0641_,17.42µm
net44,17.42µm
_0453_,17.4µm
_1686_,17.4µm
systolic_unit_0.U_01.acc_0\[11\],17.4µm
net293,17.4µm
_1161_,17.36µm
_1720_,17.36µm
systolic_unit_0.U_10.acc_1\[11\],17.36µm
_1119_,17.3µm
_1641_,17.3µm
systolic_unit_0.U_11.acc_1\[7\],17.3µm
_0376_,17.22µm
_1437_,17.18µm
_1700_,17.18µm
systolic_unit_0.U_10.acc_1\[5\],17.18µm
_1239_,17.14µm
_1424_,17.14µm
net8,17.14µm
_2011_,17.1µm
_1510_,17.08µm
_1142_,17.06µm
systolic_unit_0.U_01.acc_0\[14\],17.02µm
_0722_,16.96µm
_0681_,16.94µm
systolic_unit_0.U_11.acc_0\[14\],16.94µm
_1704_,16.9µm
_1716_,16.88µm
_0540_,16.86µm
_1763_,16.855µm
_0635_,16.84µm
_0461_,16.8µm
_1737_,16.76µm
_0742_,16.72µm
_1966_,16.72µm
systolic_unit_0.U_00.acc_1\[4\],16.72µm
systolic_unit_0.U_10.acc_0\[0\],16.72µm
_1454_,16.7µm
_1296_,16.68µm
_0456_,16.66µm
_0458_,16.66µm
_0626_,16.66µm
_0606_,16.64µm
_2029_,16.64µm
_0776_,16.62µm
_0497_,16.6µm
_0653_,16.6µm
_1607_,16.6µm
_1852_,16.6µm
_1265_,16.54µm
_1024_,16.52µm
_1631_,16.52µm
_2092_,16.52µm
_0345_,16.5µm
_1703_,16.48µm
_0442_,16.44µm
systolic_unit_0.U_10.acc_0\[5\],16.42µm
net65,16.4µm
systolic_unit_0.U_00.acc_0\[12\],16.38µm
_1325_,16.36µm
_0594_,16.32µm
_1517_,16.3µm
systolic_unit_0.U_10.acc_1\[8\],16.26µm
net33,16.22µm
_1963_,16.2µm
_0583_,16.18µm
_0818_,16.18µm
_1543_,16.18µm
_1650_,16.18µm
_1216_,16.16µm
_1923_,16.16µm
_2100_,16.16µm
D_c_flat[24],16.11µm
systolic_unit_0.U_10.acc_0\[15\],16.1µm
_1287_,16.08µm
_0801_,16.06µm
systolic_unit_0.U_11.acc_1\[13\],16.04µm
_0770_,16.02µm
systolic_unit_0.U_00.acc_1\[3\],16.02µm
systolic_unit_0.U_11.acc_1\[3\],15.94µm
_1270_,15.86µm
matrix_count\[0\],15.84µm
_0421_,15.78µm
_1934_,15.78µm
net34,15.76µm
_1237_,15.74µm
_0767_,15.72µm
_1153_,15.72µm
_1058_,15.7µm
_1328_,15.7µm
matrix_count\[2\],15.7µm
_1137_,15.68µm
_1461_,15.68µm
_1005_,15.64µm
_1671_,15.64µm
_2012_,15.64µm
_2066_,15.62µm
_1605_,15.6µm
_1701_,15.6µm
_0843_,15.585µm
systolic_unit_0.U_10.acc_1\[12\],15.58µm
_0932_,15.52µm
_1723_,15.52µm
net312,15.5µm
_1733_,15.48µm
_0639_,15.44µm
_0905_,15.44µm
_1381_,15.42µm
_0763_,15.4µm
_2103_,15.32µm
_0739_,15.31µm
_0351_,15.3µm
systolic_unit_0.U_11.acc_0\[11\],15.3µm
_0633_,15.28µm
_1423_,15.26µm
_1136_,15.2µm
_1191_,15.19µm
_1929_,15.18µm
systolic_unit_0.U_11.acc_0\[15\],15.18µm
_2076_,15.16µm
net71,15.16µm
_0352_,15.12µm
_1023_,15.1µm
_1097_,15.1µm
_1768_,15.08µm
_1912_,15.08µm
_0806_,15.06µm
D_c_flat[25],15.05µm
_0277_,15.04µm
_1493_,15.04µm
_1986_,15.04µm
_0608_,15.02µm
_0674_,15.02µm
_0904_,15µm
net55,15µm
_0980_,14.94µm
systolic_unit_0.U_10.acc_1\[15\],14.94µm
_1995_,14.93µm
_1222_,14.92µm
_2033_,14.92µm
_0937_,14.88µm
_1045_,14.88µm
_1215_,14.88µm
systolic_unit_0.U_10.acc_1\[13\],14.88µm
net315,14.88µm
_0615_,14.86µm
_1932_,14.86µm
_1965_,14.82µm
systolic_unit_0.U_10.acc_0\[1\],14.82µm
_1219_,14.78µm
_1761_,14.76µm
_0756_,14.74µm
_0759_,14.74µm
_0921_,14.72µm
systolic_unit_0.U_10.acc_1\[0\],14.7µm
_0450_,14.68µm
_1203_,14.66µm
_1705_,14.65µm
_1344_,14.62µm
_0117_,14.59µm
_0975_,14.58µm
_0350_,14.54µm
_0550_,14.52µm
systolic_unit_0.U_00.acc_0\[8\],14.5µm
_0360_,14.46µm
_0671_,14.46µm
_1266_,14.46µm
_1334_,14.46µm
_1207_,14.44µm
_1326_,14.44µm
_1762_,14.44µm
net50,14.44µm
_1666_,14.42µm
_1999_,14.42µm
_2035_,14.42µm
_0832_,14.4µm
_0947_,14.38µm
_0513_,14.375µm
_0683_,14.36µm
net366,14.36µm
_0507_,14.35µm
_2034_,14.34µm
_1389_,14.28µm
_1309_,14.26µm
_0482_,14.24µm
_0711_,14.22µm
_0890_,14.22µm
systolic_unit_0.U_11.acc_1\[14\],14.22µm
_0466_,14.18µm
_1914_,14.14µm
_0528_,14.1µm
_1102_,14.1µm
_1336_,14.08µm
systolic_unit_0.U_10.acc_0\[11\],14.06µm
systolic_unit_0.U_10.acc_1\[9\],14.06µm
_1476_,14.04µm
systolic_unit_0.U_11.acc_0\[0\],14.04µm
_1853_,14.02µm
_0588_,14µm
_0700_,14µm
_1131_,14µm
_0834_,13.98µm
_1130_,13.96µm
systolic_unit_0.U_11.acc_1\[12\],13.96µm
_0013_,13.95µm
_0527_,13.95µm
_1333_,13.94µm
_0468_,13.92µm
_1524_,13.92µm
_1956_,13.92µm
_1224_,13.9µm
_0886_,13.88µm
_1603_,13.88µm
_0054_,13.87µm
_0478_,13.86µm
_1745_,13.86µm
_0698_,13.84µm
_1731_,13.84µm
_1743_,13.84µm
_1330_,13.8µm
_0346_,13.76µm
_0859_,13.76µm
_1960_,13.76µm
net295,13.76µm
_1109_,13.74µm
_2000_,13.74µm
_0908_,13.72µm
_1077_,13.72µm
net14,13.72µm
D_c_flat[22],13.69µm
D_c_flat[23],13.69µm
_0441_,13.68µm
systolic_unit_0.U_00.acc_0\[10\],13.68µm
_0785_,13.66µm
systolic_unit_0.U_10.out_a\[5\],13.66µm
_1071_,13.64µm
matrix_count\[1\],13.64µm
_1903_,13.62µm
net40,13.62µm
net314,13.62µm
_1656_,13.6µm
_0727_,13.56µm
_1138_,13.56µm
_0985_,13.52µm
_1298_,13.52µm
_1529_,13.52µm
_2062_,13.52µm
_1106_,13.48µm
_2003_,13.48µm
_2105_,13.48µm
systolic_unit_0.U_11.acc_1\[1\],13.48µm
_1152_,13.475µm
_1303_,13.46µm
_2074_,13.46µm
net29,13.46µm
_1315_,13.44µm
_1547_,13.44µm
_2051_,13.44µm
_1230_,13.42µm
_0532_,13.4µm
_0621_,13.38µm
_1248_,13.38µm
_2085_,13.38µm
systolic_unit_0.U_11.acc_1\[11\],13.36µm
_0511_,13.28µm
_1575_,13.28µm
_0275_,13.26µm
_1259_,13.26µm
_0248_,13.22µm
_1710_,13.22µm
net37,13.22µm
_0091_,13.19µm
_0884_,13.19µm
_0417_,13.18µm
_0312_,13.17µm
net319,13.16µm
net15,13.12µm
net73,13.1µm
_1939_,13.08µm
systolic_unit_0.U_10.acc_0\[14\],13.08µm
_1157_,13.06µm
_1299_,13.06µm
_1593_,13.06µm
systolic_unit_0.U_11.acc_1\[2\],13.04µm
_0541_,13µm
_0803_,13µm
_1568_,13µm
_1643_,13µm
_2049_,12.99µm
_0741_,12.96µm
_1062_,12.96µm
_1280_,12.96µm
_1773_,12.96µm
_0601_,12.94µm
_1973_,12.94µm
_0472_,12.92µm
net302,12.92µm
_1735_,12.885µm
_1021_,12.86µm
_0676_,12.84µm
_0057_,12.82µm
_2009_,12.82µm
_0842_,12.81µm
_0582_,12.78µm
_0539_,12.755µm
_0672_,12.72µm
_1457_,12.72µm
_1713_,12.72µm
_1432_,12.7µm
_0424_,12.68µm
_1141_,12.68µm
_1738_,12.68µm
_0830_,12.66µm
_1626_,12.66µm
_1008_,12.64µm
_1069_,12.64µm
_1226_,12.64µm
systolic_unit_0.U_10.acc_1\[14\],12.62µm
_0758_,12.58µm
net403,12.56µm
_0871_,12.54µm
_1282_,12.54µm
_1583_,12.54µm
_1898_,12.54µm
_0804_,12.5µm
_0992_,12.5µm
_1242_,12.5µm
_1843_,12.5µm
systolic_unit_0.U_01.switch,12.5µm
_0657_,12.48µm
_0971_,12.46µm
_0845_,12.44µm
_0255_,12.42µm
_0667_,12.42µm
_0689_,12.42µm
_1951_,12.42µm
systolic_unit_0.U_11.acc_0\[9\],12.42µm
_1503_,12.36µm
_0166_,12.35µm
_0359_,12.3µm
_1256_,12.28µm
_0613_,12.24µm
_0854_,12.24µm
_1107_,12.24µm
_1105_,12.22µm
_1208_,12.22µm
_1760_,12.22µm
_1953_,12.22µm
_2018_,12.21µm
_0902_,12.2µm
_1236_,12.16µm
_0632_,12.14µm
_1291_,12.14µm
_0837_,12.12µm
_1178_,12.12µm
_1585_,12.12µm
_1709_,12.11µm
_2028_,12.1µm
_1728_,12.08µm
_1873_,12.08µm
_0490_,12.06µm
_1253_,12.06µm
_1886_,12.06µm
_0425_,12.02µm
_1202_,12.02µm
_2039_,12.02µm
_1767_,12µm
_1921_,12µm
systolic_unit_0.U_10.acc_1\[10\],11.98µm
_0362_,11.96µm
_2104_,11.96µm
_1200_,11.94µm
_1284_,11.9µm
systolic_unit_0.U_11.acc_1\[9\],11.9µm
_0462_,11.88µm
_0628_,11.88µm
_1225_,11.88µm
_1637_,11.88µm
_0586_,11.86µm
_1589_,11.84µm
_2115_,11.84µm
net69,11.84µm
_1823_,11.83µm
_2128_,11.82µm
_1456_,11.8µm
net66,11.8µm
_1804_,11.78µm
systolic_unit_0.U_11.acc_0\[12\],11.78µm
_0647_,11.76µm
_1511_,11.76µm
_1648_,11.72µm
D_c_flat[20],11.71µm
_1078_,11.68µm
_1865_,11.68µm
_1447_,11.66µm
_1501_,11.66µm
_0221_,11.63µm
_0627_,11.62µm
_0903_,11.62µm
_0945_,11.62µm
_1163_,11.62µm
_1175_,11.62µm
_1527_,11.62µm
_1574_,11.62µm
net56,11.58µm
net59,11.58µm
_0611_,11.56µm
_1991_,11.56µm
_1233_,11.54µm
_0506_,11.52µm
_0673_,11.52µm
_1044_,11.52µm
_1475_,11.5µm
_2022_,11.46µm
net46,11.46µm
_0093_,11.43µm
_1218_,11.42µm
_1576_,11.42µm
_0343_,11.38µm
_1756_,11.38µm
_0997_,11.34µm
_1925_,11.34µm
_1746_,11.32µm
_2079_,11.32µm
_1409_,11.3µm
_0445_,11.29µm
_0348_,11.28µm
_0557_,11.28µm
_1145_,11.28µm
_0755_,11.26µm
systolic_unit_0.U_10.acc_0\[6\],11.26µm
_0498_,11.24µm
_1181_,11.24µm
_1223_,11.24µm
_1820_,11.24µm
_0724_,11.22µm
_2120_,11.22µm
_1722_,11.2µm
_1244_,11.18µm
_1599_,11.18µm
_1924_,11.18µm
_1842_,11.16µm
_0500_,11.135µm
_1171_,11.13µm
_0862_,11.12µm
_1031_,11.12µm
_1998_,11.12µm
_2087_,11.1µm
D_a_00[5],11.07µm
_1313_,11.06µm
_1935_,11.06µm
_0870_,11.04µm
_1278_,11.04µm
_0631_,11.03µm
_1875_,11.02µm
_0444_,11µm
_0708_,10.98µm
_1515_,10.98µm
_1693_,10.97µm
_1946_,10.96µm
_1209_,10.94µm
net62,10.92µm
net431,10.92µm
_1549_,10.9µm
_1888_,10.9µm
net327,10.9µm
_1113_,10.88µm
_2080_,10.88µm
_0523_,10.86µm
_0690_,10.86µm
_0443_,10.84µm
_1559_,10.84µm
_1696_,10.84µm
_0426_,10.82µm
_0522_,10.82µm
_1281_,10.82µm
_1341_,10.82µm
_1769_,10.82µm
_0074_,10.81µm
_0888_,10.8µm
systolic_unit_0.U_00.acc_1\[14\],10.78µm
net60,10.78µm
net387,10.78µm
net389,10.78µm
_2109_,10.74µm
_2119_,10.74µm
net1,10.74µm
_0505_,10.735µm
_0623_,10.72µm
_1149_,10.72µm
_1148_,10.705µm
_0422_,10.7µm
_0496_,10.7µm
_1466_,10.7µm
_1806_,10.7µm
_1521_,10.68µm
_0892_,10.66µm
_1036_,10.66µm
_1639_,10.66µm
_1793_,10.66µm
_2025_,10.66µm
_2082_,10.66µm
_0760_,10.64µm
_1123_,10.64µm
_1514_,10.64µm
_0600_,10.625µm
_0311_,10.62µm
_1429_,10.62µm
_2086_,10.62µm
_2089_,10.62µm
_2126_,10.62µm
net300,10.62µm
_1271_,10.58µm
_1980_,10.54µm
_1587_,10.53µm
_1687_,10.52µm
_1506_,10.5µm
_1918_,10.5µm
_0691_,10.46µm
_1597_,10.44µm
net19,10.44µm
_0869_,10.42µm
_0929_,10.42µm
_1335_,10.4µm
net388,10.4µm
_0435_,10.38µm
_1061_,10.38µm
_1538_,10.38µm
_0873_,10.36µm
_1210_,10.36µm
_1353_,10.36µm
_1410_,10.36µm
_1613_,10.36µm
_0589_,10.34µm
_1434_,10.34µm
_1554_,10.34µm
_1835_,10.34µm
D_b_01[1],10.32µm
D_b_01[3],10.32µm
D_b_01[5],10.32µm
D_b_01[7],10.32µm
_1048_,10.32µm
_1297_,10.32µm
_1880_,10.32µm
_0807_,10.3µm
_0934_,10.3µm
_1978_,10.3µm
_1663_,10.26µm
_0508_,10.24µm
_0777_,10.24µm
_1288_,10.24µm
_1961_,10.24µm
_1132_,10.22µm
_0283_,10.2µm
_1338_,10.2µm
_1981_,10.2µm
net373,10.2µm
_0824_,10.18µm
_1497_,10.18µm
_0855_,10.16µm
_0996_,10.16µm
_1111_,10.16µm
_1168_,10.14µm
_1422_,10.14µm
_1989_,10.14µm
net72,10.12µm
net424,10.12µm
_1431_,10.115µm
_1920_,10.115µm
_1038_,10.1µm
_1736_,10.08µm
_1188_,10.06µm
_1942_,10.06µm
_0709_,10.04µm
_0923_,10.04µm
net67,10.04µm
systolic_unit_0.U_00.out_b\[0\],10µm
_0083_,9.99µm
_0127_,9.99µm
_2118_,9.98µm
_0484_,9.96µm
_0878_,9.96µm
_1279_,9.96µm
_1324_,9.96µm
_1548_,9.96µm
_0105_,9.94µm
_0358_,9.94µm
_1301_,9.94µm
_1958_,9.92µm
_0910_,9.9µm
_1610_,9.9µm
_1421_,9.86µm
_1508_,9.86µm
net53,9.86µm
_0524_,9.84µm
_0814_,9.84µm
D_c_flat[12],9.83µm
_1947_,9.82µm
_2123_,9.82µm
_1657_,9.8µm
_1952_,9.8µm
_1556_,9.78µm
_2068_,9.78µm
_1670_,9.76µm
_0994_,9.74µm
_2125_,9.74µm
net421,9.74µm
_0546_,9.7µm
_0820_,9.7µm
_1458_,9.7µm
_1513_,9.7µm
_1619_,9.7µm
D_c_flat[19],9.67µm
_0666_,9.66µm
_0725_,9.66µm
net310,9.66µm
net311,9.66µm
D_a_10[1],9.64µm
D_a_10[3],9.64µm
D_a_10[4],9.64µm
D_a_10[5],9.64µm
D_a_10[6],9.64µm
D_c_flat[15],9.64µm
num_matrix[0],9.64µm
num_matrix[1],9.64µm
net408,9.64µm
_0930_,9.625µm
_1006_,9.62µm
_1302_,9.62µm
_1426_,9.62µm
_1645_,9.62µm
_0797_,9.58µm
_1192_,9.58µm
_1393_,9.58µm
_0201_,9.56µm
_0489_,9.56µm
net399,9.56µm
_0454_,9.54µm
_0089_,9.52µm
_0375_,9.52µm
_1246_,9.52µm
_0521_,9.5µm
_0901_,9.5µm
_1323_,9.5µm
_2050_,9.5µm
_2122_,9.5µm
_0630_,9.48µm
_1460_,9.48µm
_1526_,9.48µm
_1692_,9.48µm
_1749_,9.48µm
systolic_unit_0.U_10.acc_0\[12\],9.48µm
systolic_unit_0.U_10.acc_1\[6\],9.48µm
_0048_,9.47µm
_0822_,9.46µm
_0662_,9.44µm
_1962_,9.44µm
_2026_,9.44µm
D_a_00[7],9.4µm
D_b_01[0],9.4µm
D_b_01[2],9.4µm
D_b_01[4],9.4µm
D_b_01[6],9.4µm
_1034_,9.4µm
_0786_,9.38µm
D_a_00[0],9.37µm
_1436_,9.36µm
_0547_,9.34µm
_1741_,9.34µm
_0551_,9.32µm
systolic_unit_0.U_00.acc_0\[6\],9.32µm
net54,9.32µm
_2017_,9.3µm
_0839_,9.28µm
_1041_,9.28µm
_1754_,9.28µm
_0569_,9.26µm
_1165_,9.26µm
_2046_,9.26µm
_2040_,9.255µm
_1636_,9.24µm
_1193_,9.2µm
_1863_,9.2µm
net30,9.2µm
D_c_flat[18],9.18µm
D_c_flat[21],9.18µm
_2098_,9.18µm
_0789_,9.16µm
_0936_,9.16µm
_1596_,9.16µm
_2044_,9.16µm
drain_odd_d1,9.14µm
_0765_,9.125µm
_0431_,9.12µm
_1128_,9.12µm
_1228_,9.12µm
_1240_,9.12µm
_2005_,9.12µm
systolic_unit_0.U_11.acc_0\[4\],9.12µm
_0116_,9.11µm
net58,9.08µm
net49,9.06µm
net369,9.06µm
D_a_00[4],9.05µm
_0638_,9.04µm
_2083_,9.04µm
_0128_,9.03µm
_0341_,9.02µm
_1103_,9.02µm
_1201_,9.02µm
net386,9.02µm
_1694_,9µm
_1318_,8.98µm
_1459_,8.98µm
net57,8.98µm
D_c_flat[1],8.96µm
D_c_flat[3],8.96µm
D_c_flat[5],8.96µm
_0697_,8.96µm
systolic_busy,8.96µm
_0865_,8.94µm
_1777_,8.94µm
_1799_,8.94µm
_1982_,8.94µm
_0644_,8.92µm
_0833_,8.92µm
_1067_,8.92µm
_1073_,8.92µm
_1987_,8.92µm
_0261_,8.905µm
_0893_,8.9µm
_1189_,8.9µm
_1229_,8.9µm
_1444_,8.9µm
_0216_,8.87µm
_0545_,8.87µm
_1000_,8.86µm
_1283_,8.86µm
_1412_,8.86µm
_1638_,8.86µm
net340,8.86µm
_0816_,8.82µm
_1294_,8.82µm
_1849_,8.82µm
_1917_,8.82µm
net356,8.82µm
net377,8.82µm
_0525_,8.8µm
_0983_,8.8µm
_1983_,8.8µm
_0529_,8.78µm
_1039_,8.78µm
_1427_,8.78µm
net406,8.78µm
_0082_,8.77µm
_0989_,8.76µm
_0872_,8.74µm
_1566_,8.74µm
systolic_unit_0.out_acc_1_r1\[13\],8.74µm
D_a_10[0],8.72µm
D_a_10[2],8.72µm
_1187_,8.72µm
_1471_,8.72µm
_2078_,8.72µm
a_ready,8.72µm
b_ready,8.72µm
num_matrix[2],8.72µm
_0991_,8.7µm
_1126_,8.7µm
_1310_,8.7µm
_1988_,8.7µm
_0570_,8.68µm
_0692_,8.66µm
_1014_,8.66µm
_1255_,8.66µm
_1414_,8.66µm
_1586_,8.66µm
_0094_,8.65µm
_0357_,8.64µm
_0798_,8.62µm
_1557_,8.62µm
_0427_,8.6µm
_1195_,8.6µm
_1794_,8.6µm
_1053_,8.58µm
_1984_,8.58µm
_0649_,8.56µm
_1227_,8.56µm
_1708_,8.56µm
_1957_,8.56µm
_0568_,8.54µm
_1260_,8.54µm
_1624_,8.54µm
_1992_,8.54µm
D_c_flat[30],8.53µm
_0077_,8.51µm
D_c_flat[0],8.5µm
D_c_flat[2],8.5µm
D_c_flat[4],8.5µm
_0278_,8.5µm
_1691_,8.5µm
systolic_free,8.5µm
_0883_,8.485µm
net41,8.48µm
_0439_,8.47µm
_0732_,8.46µm
_0906_,8.46µm
_0004_,8.44µm
_0685_,8.44µm
_0813_,8.44µm
_1124_,8.44µm
_1449_,8.44µm
_1742_,8.44µm
_1997_,8.44µm
_2077_,8.44µm
net413,8.44µm
_0555_,8.42µm
_0988_,8.42µm
_1817_,8.42µm
_0114_,8.41µm
_0502_,8.4µm
_0999_,8.4µm
_1646_,8.4µm
_0924_,8.365µm
_1050_,8.36µm
_1689_,8.36µm
_0510_,8.34µm
_1059_,8.34µm
_1091_,8.34µm
_1129_,8.34µm
_0718_,8.32µm
_0920_,8.32µm
_1231_,8.32µm
_1285_,8.32µm
_0112_,8.29µm
_0011_,8.28µm
_0198_,8.28µm
_0339_,8.26µm
_1286_,8.26µm
_1056_,8.245µm
_0537_,8.24µm
_0889_,8.24µm
_1068_,8.24µm
_1488_,8.24µm
_1734_,8.24µm
_1183_,8.23µm
_1690_,8.22µm
_1662_,8.2µm
_1702_,8.2µm
net342,8.2µm
net381,8.2µm
_0314_,8.18µm
_0325_,8.18µm
_0337_,8.18µm
_1623_,8.18µm
_0320_,8.16µm
_1450_,8.16µm
_0217_,8.13µm
_0897_,8.12µm
_1133_,8.12µm
_2054_,8.12µm
_1162_,8.1µm
_1507_,8.1µm
_2008_,8.1µm
_0233_,8.08µm
_0922_,8.08µm
_1054_,8.06µm
_1057_,8.06µm
_1796_,8.06µm
net11,8.06µm
D_c_flat[17],8.03µm
_0031_,8.03µm
_0405_,8.02µm
_0790_,8.02µm
_0911_,8.02µm
_1016_,8µm
_1120_,8µm
_1319_,8µm
_1968_,8µm
_0481_,7.98µm
_0748_,7.98µm
_1211_,7.98µm
_1300_,7.98µm
_2130_,7.98µm
_0006_,7.94µm
_1276_,7.94µm
_1340_,7.94µm
_0193_,7.9µm
_0492_,7.9µm
_0993_,7.9µm
_1160_,7.9µm
_1681_,7.9µm
_2067_,7.9µm
_2094_,7.9µm
_1994_,7.88µm
_0778_,7.865µm
_0323_,7.86µm
_1098_,7.86µm
_0015_,7.83µm
_0129_,7.83µm
net63,7.82µm
net299,7.82µm
_0605_,7.8µm
_0464_,7.78µm
_0660_,7.78µm
_1505_,7.78µm
_1771_,7.78µm
_1861_,7.78µm
net305,7.78µm
net35,7.76µm
_0460_,7.74µm
_1993_,7.74µm
_0340_,7.72µm
_1104_,7.72µm
_2004_,7.72µm
_0245_,7.7µm
_1711_,7.7µm
_1959_,7.7µm
_2045_,7.7µm
_0467_,7.68µm
_0787_,7.68µm
_1602_,7.68µm
_1718_,7.68µm
_2056_,7.68µm
_1856_,7.665µm
_2055_,7.665µm
_0618_,7.66µm
_0699_,7.66µm
_0750_,7.66µm
_0811_,7.66µm
_0938_,7.66µm
_1442_,7.66µm
_2041_,7.66µm
_1635_,7.64µm
_0037_,7.63µm
_0931_,7.62µm
_1672_,7.6µm
net42,7.6µm
D_c_flat[10],7.59µm
net379,7.58µm
_0209_,7.56µm
_0483_,7.56µm
_1029_,7.56µm
_1531_,7.56µm
_1682_,7.56µm
systolic_unit_0.U_01.in_b\[1\],7.56µm
systolic_unit_0.out_acc_0_r1\[8\],7.56µm
net426,7.56µm
_2023_,7.54µm
_2114_,7.54µm
_1915_,7.535µm
_0109_,7.52µm
_0447_,7.52µm
_0646_,7.52µm
_0981_,7.52µm
_1116_,7.52µm
_1197_,7.52µm
_1272_,7.52µm
_1544_,7.52µm
_1348_,7.48µm
_1015_,7.44µm
_1562_,7.44µm
_1854_,7.44µm
net303,7.42µm
_0850_,7.4µm
_1969_,7.39µm
_0317_,7.38µm
net370,7.36µm
net427,7.36µm
D_b_00[6],7.35µm
_0115_,7.33µm
_0449_,7.33µm
_0969_,7.32µm
_0494_,7.31µm
_0240_,7.3µm
_0915_,7.3µm
net10,7.3µm
net338,7.3µm
_0072_,7.29µm
_0543_,7.29µm
_2007_,7.28µm
_2075_,7.26µm
_0491_,7.24µm
_0861_,7.24µm
_2014_,7.24µm
net398,7.24µm
_0390_,7.22µm
_0735_,7.22µm
_0917_,7.22µm
_1238_,7.22µm
net375,7.22µm
_0530_,7.2µm
_0762_,7.2µm
_0779_,7.2µm
_1289_,7.2µm
_0487_,7.18µm
_1499_,7.18µm
net70,7.18µm
net296,7.18µm
_1365_,7.14µm
_0619_,7.12µm
_0887_,7.12µm
_0896_,7.12µm
_1249_,7.12µm
_1003_,7.1µm
_1369_,7.1µm
_1415_,7.1µm
net397,7.1µm
_1013_,7.08µm
_1085_,7.08µm
_0652_,7.06µm
_0823_,7.06µm
_0899_,7.06µm
_1494_,7.06µm
_1536_,7.06µm
_1727_,7.06µm
systolic_unit_0.out_acc_0_r1\[11\],7.06µm
D_a_00[3],7.03µm
systolic_unit_0.out_acc_1_r1\[8\],7µm
net332,7µm
D_a_10[7],6.99µm
_0001_,6.99µm
_1018_,6.99µm
_0694_,6.98µm
_0713_,6.98µm
_1083_,6.98µm
_1114_,6.98µm
_1151_,6.98µm
_1275_,6.98µm
_1316_,6.98µm
_1495_,6.98µm
_1665_,6.98µm
_0470_,6.96µm
_1490_,6.96µm
_1667_,6.96µm
systolic_unit_0.out_acc_1_r1\[5\],6.96µm
_0211_,6.94µm
_0292_,6.94µm
_1314_,6.93µm
_0914_,6.88µm
net430,6.88µm
_0599_,6.86µm
_0841_,6.86µm
_1304_,6.86µm
_1528_,6.86µm
_0544_,6.85µm
_0338_,6.84µm
_0726_,6.84µm
_1020_,6.84µm
_1525_,6.84µm
net31,6.84µm
_0939_,6.82µm
_1677_,6.82µm
_0038_,6.8µm
_1367_,6.8µm
_0688_,6.78µm
_0810_,6.78µm
_1185_,6.78µm
_1305_,6.78µm
net385,6.78µm
_0401_,6.76µm
_0738_,6.76µm
_1198_,6.76µm
_1621_,6.76µm
_0173_,6.75µm
_0751_,6.74µm
_1125_,6.74µm
_1418_,6.74µm
_1551_,6.74µm
_1944_,6.74µm
_0486_,6.72µm
_0957_,6.72µm
_1035_,6.72µm
_1452_,6.72µm
_1649_,6.72µm
net401,6.72µm
_1307_,6.68µm
_0982_,6.66µm
_1269_,6.66µm
D_b_00[5],6.65µm
_0414_,6.64µm
_0514_,6.64µm
_0520_,6.64µm
_1354_,6.64µm
_1361_,6.64µm
_1967_,6.64µm
net87,6.64µm
_0717_,6.62µm
_0773_,6.62µm
_0800_,6.6µm
_1167_,6.6µm
_1250_,6.6µm
_1577_,6.6µm
_1678_,6.6µm
_2001_,6.6µm
D_c_flat[29],6.55µm
_2096_,6.55µm
_0272_,6.54µm
_1377_,6.54µm
net417,6.54µm
net363,6.525µm
_0118_,6.52µm
_0809_,6.52µm
_0867_,6.52µm
_1747_,6.52µm
_1974_,6.52µm
_2052_,6.52µm
_0677_,6.48µm
_0678_,6.48µm
_0864_,6.48µm
net339,6.46µm
_1489_,6.44µm
systolic_unit_0.out_acc_0_r1\[6\],6.44µm
_0349_,6.42µm
_0397_,6.42µm
_0858_,6.42µm
net307,6.42µm
_0295_,6.4µm
_1127_,6.4µm
_1744_,6.4µm
net68,6.4µm
_0288_,6.38µm
_0051_,6.37µm
_0104_,6.37µm
_0163_,6.37µm
_1620_,6.33µm
_0596_,6.32µm
_0815_,6.32µm
_1019_,6.32µm
_1990_,6.32µm
D_b_00[1],6.31µm
D_b_00[2],6.31µm
D_b_00[4],6.31µm
_0206_,6.31µm
_0363_,6.3µm
_1477_,6.3µm
systolic_unit_0.out_acc_1_r1\[1\],6.3µm
_0549_,6.28µm
_0701_,6.28µm
_1093_,6.28µm
_1608_,6.28µm
_2121_,6.28µm
_1055_,6.26µm
_1066_,6.26µm
_1779_,6.26µm
_1786_,6.26µm
_1837_,6.26µm
D_c_flat[11],6.23µm
_1220_,6.2µm
_1916_,6.2µm
_0480_,6.18µm
_0703_,6.18µm
_1064_,6.18µm
_1080_,6.18µm
_1180_,6.18µm
_1343_,6.18µm
_1668_,6.18µm
_1814_,6.18µm
_1977_,6.18µm
net360,6.18µm
_1032_,6.145µm
_0535_,6.14µm
_1108_,6.14µm
_1122_,6.14µm
_1257_,6.14µm
_1567_,6.14µm
_1573_,6.14µm
_1948_,6.14µm
net341,6.14µm
net358,6.14µm
_0030_,6.09µm
_0987_,6.065µm
_1245_,6.06µm
_1851_,6.06µm
_1941_,6.06µm
_0420_,6.04µm
_0634_,6.04µm
_1186_,6.035µm
_0863_,6.02µm
_1571_,6.02µm
_0332_,6.005µm
_0096_,5.99µm
_0276_,5.96µm
net350,5.96µm
_0140_,5.94µm
_0654_,5.94µm
_1010_,5.94µm
_1478_,5.94µm
_1765_,5.94µm
_2127_,5.94µm
_0249_,5.92µm
_2020_,5.92µm
_2060_,5.92µm
net28,5.92µm
_0056_,5.91µm
_0223_,5.91µm
net368,5.9µm
_1669_,5.87µm
_0220_,5.85µm
_0585_,5.84µm
_1384_,5.84µm
_1455_,5.84µm
_1844_,5.84µm
net298,5.84µm
_0509_,5.82µm
_0799_,5.82µm
_1026_,5.82µm
_1170_,5.82µm
_1251_,5.82µm
_1905_,5.82µm
_0749_,5.8µm
_0876_,5.8µm
_1154_,5.8µm
_1364_,5.8µm
_1463_,5.8µm
_1699_,5.8µm
_1895_,5.8µm
_1927_,5.8µm
D_c_flat[8],5.75µm
_0451_,5.74µm
_0866_,5.74µm
_0419_,5.72µm
_0434_,5.72µm
_0625_,5.72µm
_0784_,5.72µm
_0907_,5.72µm
_1022_,5.72µm
_1407_,5.72µm
_1425_,5.72µm
_1546_,5.72µm
_0253_,5.7µm
_0752_,5.7µm
_2072_,5.7µm
_0764_,5.68µm
_1561_,5.68µm
_1908_,5.68µm
_0851_,5.65µm
D_b_00[0],5.63µm
_0161_,5.61µm
_0418_,5.6µm
_0796_,5.6µm
_0927_,5.6µm
_1027_,5.6µm
_0080_,5.58µm
_1371_,5.58µm
_0041_,5.56µm
_0366_,5.56µm
_0829_,5.56µm
_1642_,5.56µm
_1595_,5.54µm
_1664_,5.52µm
net357,5.52µm
_0413_,5.5µm
_0416_,5.5µm
_1037_,5.5µm
_1807_,5.5µm
_1825_,5.5µm
_1857_,5.5µm
_1890_,5.5µm
_0194_,5.49µm
_0303_,5.48µm
_0880_,5.48µm
_1184_,5.48µm
_0252_,5.46µm
_0298_,5.46µm
_0315_,5.46µm
_0379_,5.46µm
_0219_,5.43µm
D_c_flat[13],5.41µm
_1537_,5.41µm
_1011_,5.4µm
_2112_,5.4µm
_0328_,5.38µm
_0399_,5.38µm
_0485_,5.38µm
_0919_,5.38µm
_1147_,5.38µm
_1164_,5.38µm
_1492_,5.38µm
_1829_,5.38µm
_1834_,5.38µm
_1860_,5.38µm
net306,5.38µm
_0734_,5.36µm
_1134_,5.36µm
_1487_,5.36µm
systolic_unit_0.U_00.acc_1\[0\],5.36µm
_0371_,5.34µm
_0954_,5.34µm
_1065_,5.34µm
_1213_,5.34µm
_1420_,5.34µm
_1519_,5.34µm
_1579_,5.34µm
_1655_,5.34µm
_1809_,5.34µm
_0042_,5.33µm
_0092_,5.33µm
D_c_flat[31],5.31µm
_0264_,5.305µm
D_b_00[7],5.29µm
_0059_,5.29µm
rst,5.29µm
_0459_,5.28µm
_0995_,5.28µm
_1469_,5.28µm
_1563_,5.28µm
_1945_,5.28µm
_1327_,5.27µm
_0152_,5.26µm
_0232_,5.26µm
_0895_,5.26µm
_1758_,5.26µm
systolic_unit_0.U_01.in_b\[2\],5.26µm
systolic_unit_0.U_10.acc_0\[8\],5.26µm
net352,5.26µm
net384,5.26µm
net412,5.26µm
_1063_,5.24µm
_1345_,5.24µm
_1523_,5.24µm
_1928_,5.24µm
_0029_,5.22µm
_0113_,5.22µm
_0141_,5.22µm
_0753_,5.22µm
_0925_,5.22µm
_1094_,5.22µm
_1234_,5.22µm
_1413_,5.22µm
D_c_flat[27],5.19µm
_0235_,5.17µm
_0262_,5.16µm
net353,5.16µm
_0402_,5.14µm
_1971_,5.14µm
_0061_,5.1µm
_0135_,5.1µm
_0208_,5.1µm
_0885_,5.1µm
_1100_,5.1µm
D_c_flat[14],5.07µm
D_c_flat[7],5.07µm
D_c_flat[9],5.07µm
_0099_,5.07µm
_0215_,5.07µm
_0321_,5.06µm
_1887_,5.06µm
_0241_,5.04µm
_0259_,5.04µm
_0404_,5.04µm
net382,5.04µm
_1087_,5.03µm
_0469_,5.02µm
_0729_,5.02µm
_1205_,5.02µm
_1392_,5.02µm
_1498_,5.02µm
_1590_,5.02µm
_1685_,5.02µm
_2116_,5.02µm
_0073_,5µm
net13,5µm
_0136_,4.99µm
D_a_00[2],4.95µm
D_a_00[6],4.95µm
D_b_00[3],4.95µm
_0356_,4.94µm
_0604_,4.94µm
_0788_,4.94µm
_1088_,4.94µm
_2097_,4.94µm
net372,4.94µm
_0812_,4.925µm
_0021_,4.92µm
_0979_,4.92µm
_1417_,4.92µm
_1755_,4.92µm
_1802_,4.92µm
net51,4.92µm
_0428_,4.9µm
_0712_,4.9µm
_1684_,4.9µm
_2063_,4.9µm
_2090_,4.9µm
_0256_,4.88µm
_0648_,4.88µm
_0747_,4.88µm
_0795_,4.88µm
_1295_,4.88µm
systolic_unit_0.U_00.acc_1\[12\],4.88µm
net17,4.88µm
net301,4.88µm
net418,4.88µm
_0182_,4.87µm
_0188_,4.87µm
_0242_,4.87µm
D_c_flat[16],4.85µm
D_c_flat[28],4.85µm
_0196_,4.85µm
_0909_,4.85µm
_0609_,4.82µm
_0636_,4.82µm
_1565_,4.82µm
net2,4.82µm
_0025_,4.8µm
_0316_,4.8µm
_0336_,4.8µm
_0504_,4.8µm
_0526_,4.8µm
_0558_,4.8µm
_0835_,4.8µm
_0838_,4.8µm
_1012_,4.8µm
_1025_,4.8µm
_1378_,4.8µm
_1399_,4.8µm
_1416_,4.8µm
_1481_,4.8µm
_1726_,4.8µm
_2042_,4.8µm
_2047_,4.8µm
net371,4.8µm
_0740_,4.775µm
_0131_,4.76µm
_0828_,4.76µm
_0836_,4.76µm
_0958_,4.76µm
_1654_,4.76µm
net23,4.76µm
net330,4.76µm
net335,4.76µm
_0723_,4.7µm
_1907_,4.7µm
_1937_,4.7µm
net347,4.7µm
net405,4.7µm
_0682_,4.68µm
_2117_,4.68µm
_0265_,4.625µm
D_a_00[1],4.61µm
_0183_,4.61µm
_0184_,4.61µm
_0279_,4.6µm
_0258_,4.58µm
_0300_,4.58µm
_0329_,4.58µm
_0536_,4.58µm
_1363_,4.58µm
net400,4.58µm
_0017_,4.56µm
_0319_,4.56µm
_0622_,4.56µm
_1479_,4.56µm
_1520_,4.56µm
_1522_,4.56µm
_1859_,4.56µm
_0125_,4.54µm
_0132_,4.54µm
_0222_,4.54µm
_0598_,4.54µm
_0655_,4.54µm
_1558_,4.54µm
net9,4.54µm
net16,4.54µm
net32,4.54µm
_1480_,4.48µm
_1581_,4.48µm
_2016_,4.48µm
_2061_,4.48µm
net407,4.48µm
_0333_,4.46µm
_0369_,4.46µm
_0389_,4.46µm
_0476_,4.46µm
_0533_,4.46µm
_0548_,4.46µm
_0950_,4.46µm
_1002_,4.46µm
_1046_,4.46µm
_1440_,4.46µm
_1465_,4.46µm
_1541_,4.46µm
_1985_,4.46µm
_2031_,4.46µm
systolic_unit_0.U_01.acc_1\[11\],4.46µm
net420,4.46µm
_1972_,4.45µm
_0916_,4.44µm
_1724_,4.44µm
_2010_,4.44µm
_0022_,4.42µm
_0308_,4.42µm
_0313_,4.42µm
_0342_,4.42µm
_0370_,4.42µm
_0730_,4.42µm
_1778_,4.42µm
_1824_,4.42µm
net47,4.42µm
net324,4.42µm
D_c_flat[6],4.39µm
_0143_,4.39µm
_0455_,4.36µm
_0687_,4.36µm
_0714_,4.36µm
_1680_,4.36µm
_0002_,4.34µm
_0244_,4.34µm
_0446_,4.34µm
_0826_,4.34µm
_0891_,4.34µm
_1033_,4.34µm
_1052_,4.34µm
_1826_,4.34µm
_2107_,4.34µm
systolic_unit_0.out_acc_0_r1\[12\],4.34µm
systolic_unit_0.out_acc_0_r1\[2\],4.34µm
systolic_unit_0.out_acc_0_r1\[7\],4.34µm
_1273_,4.325µm
_0805_,4.32µm
_0177_,4.27µm
_0367_,4.265µm
_0977_,4.24µm
net348,4.24µm
_1028_,4.225µm
_0474_,4.22µm
_0853_,4.22µm
_1214_,4.22µm
_0643_,4.2µm
_1882_,4.2µm
systolic_unit_0.out_acc_0_r1\[14\],4.2µm
_0027_,4.15µm
_0075_,4.15µm
_0137_,4.15µm
_0203_,4.15µm
_0237_,4.12µm
_0282_,4.12µm
_0392_,4.12µm
_0415_,4.12µm
net394,4.12µm
_0046_,4.1µm
_1086_,4.1µm
_1752_,4.1µm
_2106_,4.1µm
_0139_,4.08µm
_0155_,4.08µm
_0395_,4.08µm
_0398_,4.08µm
_1855_,4.08µm
_1930_,4.08µm
net27,4.08µm
_1730_,4.06µm
_0868_,4.05µm
_1435_,4.03µm
_0372_,4.02µm
_0659_,4.02µm
_0746_,4.02µm
_0793_,4.02µm
_1084_,4.02µm
_1349_,4.02µm
_2084_,4.02µm
systolic_unit_0.out_acc_0_r1\[15\],4.02µm
net419,4.02µm
_0284_,4µm
_0297_,4µm
_0334_,4µm
_0353_,4µm
_0411_,4µm
_0848_,4µm
_1030_,4µm
_1331_,4µm
_1614_,4µm
_1836_,4µm
_1931_,4µm
_2048_,4µm
_1683_,3.98µm
_1780_,3.98µm
net361,3.965µm
_1150_,3.905µm
_1099_,3.9µm
_1320_,3.9µm
_1943_,3.9µm
net86,3.9µm
_0860_,3.88µm
_0962_,3.88µm
_1172_,3.88µm
_1518_,3.88µm
_1553_,3.88µm
_1604_,3.88µm
_1606_,3.88µm
_1651_,3.88µm
_1707_,3.88µm
_1976_,3.88µm
systolic_unit_0.out_acc_1_r1\[10\],3.88µm
net428,3.88µm
_0335_,3.86µm
_0900_,3.86µm
_0243_,3.83µm
_0035_,3.81µm
_0973_,3.78µm
_1306_,3.78µm
_1357_,3.78µm
net345,3.78µm
_0819_,3.76µm
_1400_,3.76µm
_1627_,3.76µm
_1764_,3.76µm
net362,3.76µm
net329,3.74µm
net337,3.74µm
_0159_,3.69µm
_0168_,3.69µm
_0831_,3.68µm
_1394_,3.68µm
_1616_,3.68µm
_0310_,3.66µm
_0385_,3.66µm
_0387_,3.66µm
_1155_,3.64µm
_1317_,3.64µm
_0043_,3.61µm
_0079_,3.61µm
_0016_,3.59µm
_0120_,3.59µm
_0045_,3.57µm
_0412_,3.56µm
_0970_,3.56µm
_1247_,3.56µm
_1534_,3.56µm
_1729_,3.56µm
_1751_,3.56µm
net376,3.56µm
net402,3.56µm
net423,3.56µm
_0156_,3.54µm
_0271_,3.54µm
_0327_,3.54µm
_0347_,3.54µm
_0595_,3.54µm
_1232_,3.54µm
_1555_,3.54µm
_1580_,3.54µm
_1622_,3.54µm
_1659_,3.54µm
_2002_,3.54µm
systolic_unit_0.out_acc_1_r1\[11\],3.54µm
net36,3.54µm
net415,3.54µm
_1500_,3.52µm
_0263_,3.505µm
_0063_,3.47µm
_0517_,3.44µm
_0675_,3.44µm
_0702_,3.44µm
_1721_,3.44µm
_1739_,3.44µm
_2073_,3.44µm
_0471_,3.42µm
_0553_,3.42µm
_0603_,3.42µm
_0705_,3.42µm
_0940_,3.42µm
_0959_,3.42µm
_1485_,3.42µm
_1652_,3.42µm
_1772_,3.42µm
_1909_,3.42µm
net334,3.42µm
_0383_,3.32µm
_1584_,3.32µm
_0227_,3.3µm
_0501_,3.3µm
_0620_,3.3µm
_0879_,3.3µm
_0267_,3.275µm
_1540_,3.22µm
_1592_,3.22µm
systolic_unit_0.out_acc_1_r1\[7\],3.22µm
net411,3.22µm
_0285_,3.2µm
_0378_,3.2µm
_0396_,3.2µm
systolic_unit_0.out_acc_0_r1\[3\],3.2µm
_0719_,3.18µm
_0189_,3.13µm
_0946_,3.11µm
_0355_,3.1µm
_0364_,3.1µm
_0515_,3.1µm
_0877_,3.1µm
_0949_,3.1µm
_1144_,3.1µm
_1618_,3.1µm
_1661_,3.1µm
_1676_,3.1µm
_1922_,3.1µm
_1954_,3.1µm
_0247_,3.08µm
_0251_,3.08µm
_0274_,3.08µm
_0296_,3.08µm
_0309_,3.08µm
_0377_,3.08µm
_0495_,3.08µm
_0518_,3.08µm
_0593_,3.08µm
_0706_,3.08µm
_0783_,3.08µm
_0990_,3.08µm
_1464_,3.08µm
_1482_,3.08µm
_1725_,3.08µm
_1782_,3.08µm
_1845_,3.08µm
_1881_,3.08µm
_1919_,3.08µm
_1964_,3.08µm
_0197_,3.06µm
_1979_,3.06µm
_0158_,3.03µm
_1347_,2.98µm
_1840_,2.98µm
_1841_,2.98µm
_1926_,2.98µm
net336,2.98µm
_0064_,2.96µm
_0463_,2.96µm
_0572_,2.96µm
_0617_,2.96µm
_0984_,2.96µm
_1009_,2.96µm
_1074_,2.96µm
_1169_,2.96µm
_1350_,2.96µm
_1387_,2.96µm
_1462_,2.96µm
_1484_,2.96µm
_1545_,2.96µm
_1625_,2.96µm
_1647_,2.96µm
_1949_,2.96µm
net393,2.96µm
_0012_,2.89µm
systolic_unit_0.out_acc_0_r1\[10\],2.86µm
systolic_unit_0.out_acc_1_r1\[14\],2.86µm
net343,2.86µm
_0024_,2.84µm
_0053_,2.84µm
_0068_,2.84µm
_0081_,2.84µm
_0097_,2.84µm
_0121_,2.84µm
_0157_,2.84µm
_0171_,2.84µm
_0218_,2.84µm
_0234_,2.84µm
_0290_,2.84µm
_0664_,2.84µm
_1719_,2.84µm
_0180_,2.77µm
_0212_,2.77µm
_0299_,2.765µm
net322,2.76µm
_0280_,2.74µm
_0304_,2.74µm
_0306_,2.74µm
_0680_,2.74µm
systolic_unit_0.out_acc_0_r1\[13\],2.74µm
net294,2.74µm
net404,2.74µm
_0167_,2.72µm
_0060_,2.69µm
_0164_,2.69µm
_0186_,2.69µm
_0207_,2.69µm
_0076_,2.67µm
_0100_,2.67µm
_0200_,2.67µm
_0324_,2.64µm
_0423_,2.64µm
_0768_,2.64µm
_0943_,2.64µm
_1358_,2.64µm
_1396_,2.64µm
_1397_,2.64µm
_2032_,2.64µm
_2124_,2.64µm
systolic_unit_0.out_acc_0_r1\[5\],2.64µm
systolic_unit_0.out_acc_1_r1\[2\],2.64µm
net364,2.64µm
_0008_,2.62µm
_0174_,2.62µm
_0281_,2.62µm
_0307_,2.62µm
_0330_,2.62µm
_0344_,2.62µm
_0388_,2.62µm
_0403_,2.62µm
_0407_,2.62µm
_0562_,2.62µm
_0857_,2.62µm
_1092_,2.62µm
_1419_,2.62µm
_1600_,2.62µm
_1601_,2.62µm
_1740_,2.62µm
_1791_,2.62µm
_1812_,2.62µm
_1846_,2.62µm
_2081_,2.62µm
net297,2.62µm
net365,2.62µm
_1293_,2.52µm
_1408_,2.52µm
_1564_,2.52µm
_1790_,2.52µm
_1832_,2.52µm
_1833_,2.52µm
out_c_valid,2.52µm
_0085_,2.5µm
_0098_,2.5µm
_0108_,2.5µm
_0430_,2.5µm
_0542_,2.5µm
_0998_,2.5µm
_1060_,2.5µm
_1072_,2.5µm
_1135_,2.5µm
_1385_,2.5µm
_1390_,2.5µm
_1640_,2.5µm
_1775_,2.5µm
_1781_,2.5µm
_1801_,2.5µm
_1933_,2.5µm
net351,2.5µm
_1822_,2.4µm
_1838_,2.4µm
_0014_,2.38µm
_0018_,2.38µm
_0020_,2.38µm
_0078_,2.38µm
_0095_,2.38µm
_0101_,2.38µm
_0107_,2.38µm
_0111_,2.38µm
_0133_,2.38µm
_0146_,2.38µm
_0153_,2.38µm
_0170_,2.38µm
_0172_,2.38µm
_0176_,2.38µm
_0185_,2.38µm
_0190_,2.38µm
_0236_,2.38µm
_0239_,2.38µm
_0365_,2.38µm
_0448_,2.38µm
_0612_,2.38µm
net280,2.38µm
_0757_,2.3µm
_0766_,2.3µm
_1075_,2.3µm
_1430_,2.3µm
_1679_,2.3µm
systolic_unit_0.out_acc_0_r1\[1\],2.3µm
net331,2.3µm
net344,2.3µm
net346,2.3µm
net349,2.3µm
net354,2.3µm
net355,2.3µm
net422,2.3µm
_0122_,2.28µm
_0126_,2.28µm
_0175_,2.28µm
_0214_,2.28µm
_0368_,2.28µm
_0382_,2.28µm
_0386_,2.28µm
_0408_,2.28µm
_0409_,2.28µm
_1491_,2.28µm
_2030_,2.28µm
_0007_,2.23µm
_0019_,2.23µm
_0028_,2.23µm
_0032_,2.23µm
_0033_,2.23µm
_0034_,2.23µm
_0040_,2.23µm
_0044_,2.23µm
_0049_,2.23µm
_0065_,2.23µm
_0071_,2.23µm
_0084_,2.23µm
_0088_,2.23µm
_0106_,2.23µm
_0119_,2.23µm
_0130_,2.23µm
_0138_,2.23µm
_0142_,2.23µm
_0147_,2.23µm
_0149_,2.23µm
_0151_,2.23µm
_0154_,2.23µm
_0169_,2.23µm
_0178_,2.23µm
_0179_,2.23µm
_0181_,2.23µm
_0204_,2.23µm
_0205_,2.23µm
_0224_,2.23µm
_0228_,2.23µm
_0230_,2.23µm
_0231_,2.23µm
_0026_,2.21µm
_0050_,2.21µm
_0123_,2.21µm
_1550_,2.195µm
_0260_,2.18µm
_0291_,2.18µm
_0305_,2.18µm
_0322_,2.18µm
_0326_,2.18µm
_0373_,2.18µm
_0374_,2.18µm
_0380_,2.18µm
_0433_,2.18µm
_0479_,2.18µm
_0610_,2.18µm
_0707_,2.18µm
_0840_,2.18µm
_1043_,2.18µm
_1166_,2.18µm
_1542_,2.18µm
_1712_,2.18µm
_1766_,2.18µm
_1797_,2.18µm
_1818_,2.18µm
_0036_,2.16µm
_0067_,2.16µm
_0134_,2.16µm
_0165_,2.16µm
_0250_,2.16µm
_0318_,2.16µm
_0394_,2.16µm
_0400_,2.16µm
_0576_,2.16µm
_0745_,2.16µm
_0782_,2.16µm
_0802_,2.16µm
_0827_,2.16µm
_0856_,2.16µm
_0875_,2.16µm
_0898_,2.16µm
_0941_,2.16µm
_1241_,2.16µm
_1351_,2.16µm
_1388_,2.16µm
_1401_,2.16µm
_1509_,2.16µm
_1588_,2.16µm
_1617_,2.16µm
_1904_,2.16µm
_1975_,2.16µm
systolic_unit_0.out_acc_1_r1\[4\],2.16µm
_0270_,2.08µm
_0629_,2.06µm
_0010_,2.04µm
_0039_,2.04µm
_0066_,2.04µm
_0102_,2.04µm
_0331_,2.04µm
_0561_,2.04µm
_0565_,2.04µm
_0571_,2.04µm
_0579_,2.04µm
_0650_,2.04µm
_0769_,2.04µm
_0847_,2.04µm
_0944_,2.04µm
_1199_,2.04µm
_1311_,2.04µm
_1372_,2.04µm
_1629_,2.04µm
_1839_,2.04µm
_1906_,2.04µm
systolic_unit_0.out_acc_0_r1\[9\],2.04µm
_0266_,2.025µm
_0005_,1.97µm
net333,1.94µm
_0406_,1.845µm
_0257_,1.84µm
_0294_,1.84µm
_0744_,1.84µm
_1258_,1.84µm
_1332_,1.84µm
_1375_,1.84µm
_1715_,1.84µm
systolic_unit_0.out_acc_1_r1\[3\],1.84µm
_0559_,1.825µm
_0003_,1.82µm
_0009_,1.82µm
_0023_,1.82µm
_0058_,1.82µm
_0086_,1.82µm
_0087_,1.82µm
_0124_,1.82µm
_0148_,1.82µm
_0195_,1.82µm
_0213_,1.82µm
_0226_,1.82µm
_0254_,1.82µm
_0286_,1.82µm
_0289_,1.82µm
_0293_,1.82µm
_0302_,1.82µm
_0391_,1.82µm
_1569_,1.82µm
_1698_,1.82µm
_0055_,1.75µm
_1858_,1.725µm
_0574_,1.72µm
_0665_,1.72µm
_0881_,1.72µm
_1443_,1.72µm
_2024_,1.72µm
_2113_,1.72µm
switch,1.72µm
_0090_,1.7µm
_0273_,1.7µm
_0381_,1.7µm
_0393_,1.7µm
_0556_,1.7µm
_0849_,1.7µm
_0852_,1.7µm
_0948_,1.7µm
_1117_,1.7µm
_1428_,1.7µm
_1441_,1.7µm
_1674_,1.7µm
net12,1.7µm
_0269_,1.685µm
_1864_,1.56µm
_0410_,1.54µm
systolic_unit_0.out_acc_0_r1\[0\],1.48µm
systolic_unit_0.out_acc_1_r1\[0\],1.48µm
systolic_unit_0.out_acc_1_r1\[12\],1.48µm
systolic_unit_0.out_acc_1_r1\[15\],1.48µm
systolic_unit_0.out_acc_1_r1\[9\],1.48µm
_0597_,1.38µm
_0986_,1.38µm
_1402_,1.38µm
_1815_,1.38µm
_0047_,1.36µm
_0052_,1.36µm
_0062_,1.36µm
_0069_,1.36µm
_0070_,1.36µm
_0103_,1.36µm
_0110_,1.36µm
_0144_,1.36µm
_0145_,1.36µm
_0150_,1.36µm
_0160_,1.36µm
_0162_,1.36µm
_0187_,1.36µm
_0191_,1.36µm
_0192_,1.36µm
_0199_,1.36µm
_0202_,1.36µm
_0210_,1.36µm
_0225_,1.36µm
_0229_,1.36µm
_0238_,1.36µm
_0246_,1.36µm
_0301_,1.36µm
_0354_,1.36µm
_0384_,1.36µm
net383,1.36µm
_1411_,1.26µm
_1445_,1.26µm
_1496_,1.26µm
_1594_,1.26µm
_1660_,1.26µm
_1675_,1.26µm
_1757_,1.26µm
_0952_,1.14µm
_0968_,1.14µm
_1633_,1.14µm
_1996_,1.14µm
_0935_,1.02µm
systolic_unit_0.out_acc_0_r1\[4\],1.02µm
_0791_,0.92µm
_0817_,0.92µm
_1486_,0.92µm
_1717_,0.92µm
_1007_,0.8µm
_0268_,0.46µm
_0587_,0.46µm
_0645_,0.46µm
_1467_,0.46µm
_1810_,0.46µm
_1862_,0.46µm
net396,0.46µm
